{
  "indexes": [
    {
      "collectionGroup": "events",
      "queryScope": "COLLECTION",
      "fields": [
        {
          "fieldPath": "visibility",
          "order": "ASCENDING"
        },
        {
          "fieldPath": "startAt",
          "order": "ASCENDING"
        }
      ]
    },
    {
      "collectionGroup": "events",
      "queryScope": "COLLECTION",
      "fields": [
        {
          "fieldPath": "visibility",
          "order": "ASCENDING"
        },
        {
          "fieldPath": "startAt",
          "order": "DESCENDING"
        }
      ]
    },
    {
      "collectionGroup": "events",
      "queryScope": "COLLECTION",
      "fields": [
        {
          "fieldPath": "createdBy",
          "order": "ASCENDING"
        },
        {
          "fieldPath": "startAt",
          "order": "ASCENDING"
        }
      ]
    },
    {
      "collectionGroup": "events",
      "queryScope": "COLLECTION",
      "fields": [
        {
          "fieldPath": "createdBy",
          "order": "ASCENDING"
        },
        {
          "fieldPath": "startAt",
          "order": "DESCENDING"
        }
      ]
    },
    {
      "collectionGroup": "events",
      "queryScope": "COLLECTION",
      "fields": [
        {
          "fieldPath": "invitedUsers",
          "arrayConfig": "CONTAINS"
        },
        {
          "fieldPath": "startAt",
          "order": "DESCENDING"
        }
      ]
    }
  ],
  "fieldOverrides": []
}